mb_release_mbid,mb_artist,mb_title,mb_type,mb_date,apple_url,apple_title,apple_artist,apple_date
8b185191-2ef8-4028-851c-3703a9347b64,90 Day Men,(It (Is) It) Critical Band + Y2K 25th Anniversary Edition,Album,2025-12-12,https://music.apple.com/us/album/it-is-it-critical-band-y2k-25th-anniversary-edition/1838941785,(It (Is) It) Critical Band + Y2K 25th Anniversary Edition,90 Day Men,2025-12-12
3d2a73fa-11fb-4455-8d99-c85b4ddf4d84,90 Day Men,We Blame Chicago,Album,2024-01-19,https://music.apple.com/us/album/we-blame-chicago/1704044805,We Blame Chicago,90 Day Men,2024-01-19
a1844085-7397-41da-beaa-2a99c85b9939,A Giant Dog,Raw,EP,2024-08-07,https://music.apple.com/us/album/raw-ep/1839203962,Raw - EP,A Giant Dog,2024-08-07
f92550d8-82b4-4b67-b2d3-08ce4ab6d13b,A. Savage,The Loft Sessions,EP,2024-04-03,https://music.apple.com/us/album/the-loft-sessions-ep/1735796496,The Loft Sessions - EP,A. Savage,2024-04-03
ee1e6238-7686-4097-b413-4db59f119a25,Ada Lea,notes,EP,2024-10-04,https://music.apple.com/us/album/notes-ep/1760354670,notes - EP,Ada Lea,2024-10-04
540feaf9-f9e6-4ce3-afb7-6fba1001f08d,Adam Guettel,Days of Wine and Roses (Original Cast Recording),Album,2024-05-17,https://music.apple.com/us/album/days-of-wine-and-roses-original-cast-recording/1719259773,Days of Wine and Roses (Original Cast Recording),"Adam Guettel, Brian d'Arcy James & Kelli O'Hara",2023-12-15
805a0155-0821-4dc5-96f7-959f91864458,Aerial M,The Peel Sessions,EP,2024-08-30,https://music.apple.com/us/album/the-peel-sessions/1755218244,The Peel Sessions,Aerial M,2024-08-30
1ea84d00-ec9c-4444-925c-1ab81f5daa0b,Ale Hop,A Body Like a Home,Album,2025-11-14,https://music.apple.com/us/album/a-body-like-a-home/1835934688,A Body Like a Home,Alejandra Cárdenas & Ale Hop,2025-11-14
9d3d80c9-721c-4170-8165-ba0d0a71c19d,Alex Izenberg & The Exiles,Alex Izenberg & the Exiles,Album,2024-07-26,https://music.apple.com/us/album/alex-izenberg-the-exiles/1739106431,Alex Izenberg & the Exiles,Alex Izenberg,2024-07-26
beb53e9b-1b22-4f1a-8cbc-2358d437aeab,Alisa Amador,Multitudes,Album,2024-06-07,https://music.apple.com/us/album/multitudes/1729460178,Multitudes,Alisa Amador,2024-06-07
e11dffdb-5182-4394-ab5f-6f35c05c186b,Alpha Maid,Is this a queue,Album,2025-10-29,https://music.apple.com/us/album/is-this-a-queue/6780476897,Is this a queue,Alpha Maid,2025-10-29
762b72d9-7f75-43b5-a009-67df7466dbaf,Amnesia Scanner,HOAX,Album,2024-10-04,https://music.apple.com/us/album/hoax/1768769474,HOAX,Amnesia Scanner & Freeka Tet,2024-10-04
bb650efa-21fd-4fc5-9585-d42e2740e013,Andre Bratten,Slay Tracks,Album,2024-03-19,https://music.apple.com/us/album/slay-tracks/1733031380,Slay Tracks,Andre Bratten,2024-03-29
e98a8ffc-282d-4ba5-aae6-439a45a4f05f,andrew cs,caught in pointers,Album,2024-04-05,https://music.apple.com/us/album/caught-in-pointers/1732664870,caught in pointers,Andrew CS,2024-04-05
9dd52d66-b6eb-41bb-9f5d-0cc2859c1f0f,Andwella,To Dream,Album,2024-03-15,https://music.apple.com/us/album/to-dream/1718775261,To Dream,Andwella & Andwellas Dream,2024-03-15
c8ea72ff-ec69-4eea-ad90-dce6aa65d83d,Angela Muñoz,Descanso,EP,2024-08-16,https://music.apple.com/us/album/descanso-ep/1759676301,Descanso - EP,Angela Muñoz,2024-08-16
19d82fb1-68f2-4ab3-b737-fa895cb40151,Anja Huwe,Codes,Album,2024-03-08,https://music.apple.com/us/album/codes/1718621747,Codes,Anja Huwe,2024-03-08
043d9573-8969-4b2c-ab19-c34bc7da469c,Anne Imhof,WYWG,Album,2025-12-05,https://music.apple.com/us/album/wywg/1837965983,WYWG,Anne Imhof,2025-12-05
84520f27-c4f8-46a7-b6a2-8ab1ab50bb36,Apifera,Keep The Outside Open,Album,2024-06-21,https://music.apple.com/us/album/keep-the-outside-open/1738553066,Keep the Outside Open,Apifera,2024-06-21
0c58d6b7-f56f-4a25-9ebd-06206f2a461a,Arsenal Mikebe,Drum Machine,Album,2024-09-06,https://music.apple.com/us/album/drum-machine/1744942438,Drum Machine,Arsenal Mikebe,2024-09-06
6120a37a-6e54-43d8-97d2-403a0d8449e9,"Arve Henriksen, Trygve Seim, Anders Jormin & Markku Ounaskari",Arcanum,Album,2025-05-02,https://music.apple.com/us/album/arcanum/1806335314,Arcanum,"Arve Henriksen, Trygve Seim, Anders Jormin & Markku Ounaskari",2025-05-02
832ff80e-538d-487d-8065-fe5ea71dbd67,Ash Fure,Animal,Album,2025-04-18,https://music.apple.com/us/album/animal/1811835252,Animal,Ash Fure,2025-05-09
b8f156a9-ec8a-4ba8-8203-735aff9fac62,Ata Kak,Batakari,EP,2025-11-07,https://music.apple.com/us/album/batakari-ep/1831026168,Batakari - EP,Ata Kak,2025-11-07
f3ccd959-496d-415c-9cc7-4cc626de209a,Ativin,Hidden Tracks: 1995-1996,EP,2024-01-26,https://music.apple.com/us/album/hidden-tracks-1995-1996-ep/1721979136,Hidden Tracks: 1995-1996 - EP,Ativin,2024-01-26
3889bab4-f462-4860-b51a-22c84597b053,"Avishai Cohen, Yonathan Avishai, Barak Mori & Ziv Ravitz",Ashes to Gold,Album,2024-10-11,https://music.apple.com/us/album/ashes-to-gold/1760791048,Ashes to Gold,"Avishai Cohen, Yonathan Avishai, Barak Mori & Ziv Ravitz",2024-10-11
be8ceac8-2cd1-4d7e-8e01-dbd3e7b486d6,Aylu,Fobia,Album,2025-10-17,https://music.apple.com/us/album/fobia/1835932085,Fobia,Aylu,2025-10-17
93d3044f-3897-4a44-bd3d-6ca4988d2f8d,Bambara,Birthmarks,Album,2025-03-14,https://music.apple.com/us/album/birthmarks/1776674692,Birthmarks,BAMBARA,2025-03-14
40733342-0637-4651-b174-7b8d14dee0d8,bar italia,The Tw*ts,EP,2024-06-05,https://music.apple.com/us/album/the-tw-ts-ep/1746768993,The Tw*ts - EP,bar italia,2024-06-05
7a3b6557-3adb-4980-9c81-2d719a8e81c1,BARDO,Transformation Time,Album,2025-08-22,https://music.apple.com/us/album/transformation-time/1818197805,Transformation Time,Bardo,2025-08-22
63685d40-2d59-435e-8acd-3f148d6346e0,Ben Vince,Street Druid,Album,2026-02-20,https://music.apple.com/us/album/street-druid/6779740302,Street Druid,Ben Vince,2026-02-20
77e16aed-99f5-49d9-839b-5eb0206ceeaf,Bicep,TAKKUUK (Original Soundtrack),Album,2025-07-25,https://music.apple.com/us/album/takkuuk-original-soundtrack/1823679788,TAKKUUK (Original Soundtrack),Bicep,2025-07-25
688a5c15-b6fd-4046-ac34-49c00680017d,BIG|BRAVE,in grief or in hope,Album,2026-06-12,https://music.apple.com/us/album/in-grief-or-in-hope/1878833851,In Grief or in Hope,Big Brave,2026-06-12
63d51f4d-ecf5-4b6f-a660-ba75fc3330f6,BIG|BRAVE,OST,Album,2025-04-25,https://music.apple.com/us/album/ost/1800075825,Ost,Big Brave,2025-04-25
2f735a82-366a-46ab-af99-a571f9380612,Billy Bultheel,Two Cycles,Album,2024-03-08,https://music.apple.com/us/album/two-cycles/1729638429,Two Cycles,Billy Bultheel,2024-03-08
1c6283d2-9d11-40dd-841d-543a4c39cd38,Billy Hart Quartet,Just,Album,2024-02-28,https://music.apple.com/us/album/just/1784446116,Just,Billy Hart Quartet,2025-02-28
f6a21d32-0b61-4621-8c0d-4eb4b8b8c813,Biosphere,The Way of Time,Album,2025-06-20,https://music.apple.com/us/album/the-way-of-time/6779736470,The Way Of Time,Biosphere,2025-06-20
7747b696-0145-4861-9466-ab8db5105918,Birthmark,Birth of Omni,Album,2024-01-19,https://music.apple.com/us/album/birth-of-omni/1714705003,Birth of Omni,Birthmark,2024-01-19
5e2d6c8b-8ba7-436f-8d2a-8f955eb4169d,Bitchin Bajas,Isle Peaks,EP,2026-01-30,https://music.apple.com/us/album/isle-peaks-ep/6767006678,Isle Peaks - EP,Bitchin Bajas,2026-08-28
ac00bdf3-4f85-4aa0-98b5-280f373ea70b,Black Decelerant,Reflections Vol. 2: Black Decelerant,Album,2024-06-21,https://music.apple.com/us/album/reflections-vol-2-black-decelerant/1679631809,Reflections Vol. 2: Black Decelerant,"Black Decelerant, Contour & Omari Jazz",2024-06-21
a5ca3de7-ea2a-4e97-a389-970bcfa2fb1f,Black Pus,Terrestrial Seethings,Album,2024-10-18,https://music.apple.com/us/album/terrestrial-seethings/1757711055,Terrestrial Seethings,Black Pus,2024-10-18
9f7d5ec4-d664-450c-92a5-f67ee52ea300,Brad Mehldau,After Bach II,Album,2024-05-10,https://music.apple.com/us/album/after-bach-ii/1733539295,After Bach II,Brad Mehldau,2024-05-10
a5fcfc2f-7c2b-4695-adae-64b025c9c191,Brad Mehldau,Ride Into the Sun,Album,2025-08-29,https://music.apple.com/us/album/ride-into-the-sun/1813515323,Ride into the Sun,Brad Mehldau,2025-08-29
e7d944c4-ba59-43d5-801f-054d6db0e756,Caleb Landry Jones,Ruth McWilliam,Album,2024-12-06,https://music.apple.com/us/album/ruth-mcwilliam/1775499846,Ruth McWilliam,Caleb Landry Jones,2024-12-06
5d1c91fd-b584-4463-9ae7-61e33f3962d3,"Carla Boregas, Anelena Toku",Fronte Violeta,Album,2025-07-03,https://music.apple.com/us/album/fronte-violeta/1802087973,Fronte Violeta,Carla Boregas & Anelena Toku,2025-07-03
a33e3e09-768a-4d09-8077-8d2ed4c56caf,Carlos Niño & Friends,Placenta,Album,2024-05-24,https://music.apple.com/us/album/placenta/1736602129,Placenta,Carlos Niño & Friends,2024-05-24
01a6c7f4-4264-4e14-b6d0-59e99c5497c6,caroline,caroline 2,Album,2025-05-30,https://music.apple.com/us/album/caroline-2-deluxe/1849974472,caroline 2 (deluxe),caroline,2025-11-11
30a0b815-ad92-4e41-ad64-490c34d0206d,Caroline Shaw & Sō Percussion,Rectangles and Circumstance,Album,2024-06-14,https://music.apple.com/us/album/rectangles-and-circumstance/1737188775,Rectangles and Circumstance,Caroline Shaw & Sō Percussion,2024-06-14
8049af1b-e246-4df0-ad54-0fbf7e07a8f9,Carson McHone,Pentimento,Album,2025-09-12,https://music.apple.com/us/album/pentimento/1841837931,Pentimento,Carson McHone,2025-09-12
08a16251-6218-4da5-b38d-ca5302d2568f,Cass McCombs,"2000-2004 Demos, Live and Radio",Album,2024-09-06,https://music.apple.com/us/album/2000-2004-demos-live-and-radio/1763334074,"2000-2004 Demos, Live and Radio",Cass McCombs,2024-09-06
ad85a57e-15fa-479b-91d9-33f33297b896,Cass McCombs,Seed Cake on Leap Year,Album,2024-11-08,https://music.apple.com/us/album/seed-cake-on-leap-year/1760364312,Seed Cake on Leap Year,Cass McCombs,2024-09-07
8f7d68a8-f27a-4f75-9b89-bd024574eff8,Cassandra Jenkins,"My Light, My Massage Parlor",Album,2025-08-14,https://music.apple.com/us/album/my-light-my-massage-parlor/1823280509,"My Light, My Massage Parlor",Cassandra Jenkins,2025-08-14
640d6989-1dad-41a9-ad9c-1bdc461a2dc0,Chris Thile,"Bach: Sonatas and Partitas, Vol. 2",Album,2025-11-07,https://music.apple.com/us/album/bach-sonatas-and-partitas-vol-2/1839562975,"Bach: Sonatas and Partitas, Vol. 2",Chris Thile,2025-11-07
38209c56-3b26-48a1-9ee1-a58490303600,Circuit des Yeux,Halo on the Inside,Album,2025-03-14,https://music.apple.com/us/album/halo-on-the-inside/1788018254,Halo On The Inside,Circuit des Yeux,2025-03-14
4ffcfac0-e899-42e1-8c87-50176794428a,Claire M Singer,Gleann Ciùin,Album,2025-11-07,https://music.apple.com/us/album/gleann-ci%C3%B9in/1839004725,Gleann Ciùin,Claire M Singer,2025-11-07
faa07998-2be1-4f46-a34d-6feee8f95141,Cleared,Hexa,Album,2024-09-27,https://music.apple.com/us/album/hexa/1763195451,Hexa,Cleared,2024-09-27
39421f95-4e5b-42b8-97d1-06d2fb478955,Cole Berliner,The Black Door,Album,2026-05-29,https://music.apple.com/us/album/the-black-door/1877199287,The Black Door,Cole Berliner,2026-05-29
fc641edb-3844-4691-9a45-c1536cc2cf9f,Cole Pulice,Land’s End Eternal,Album,2025-05-09,https://music.apple.com/us/album/lands-end-eternal/1789228850,Land's End Eternal,Cole Pulice,2025-05-09
2041250c-72a0-45c5-9e71-a7cba9bf3981,Colin Self,lemniscate,EP,2024-10-04,https://music.apple.com/us/album/lemniscate-ep/1767613974,lemniscate - EP,Colin Self,2024-10-04
b26f101c-30ba-494e-a0a8-5e9b9913896c,Colin Self,respite ∞ levity for the nameless ghost in crisis,Album,2025-02-21,https://music.apple.com/us/album/respite-levity-for-the-nameless-ghost-in-crisis/1775433268,respite ∞ levity for the nameless ghost in crisis,Colin Self,2025-02-21
7517dcdc-64b5-4fb9-b30f-0d3139f8e077,Cory Hanson,I Love People,Album,2025-07-25,https://music.apple.com/us/album/i-love-people/1806705948,I Love People,Cory Hanson,2025-07-25
5054d1ed-4d8b-4a4a-aa70-00c81e1a7b1d,"Craig Taborn, Tomeka Reid & Ches Smith",Dream Archives,Album,2026-01-16,https://music.apple.com/us/album/dream-archives/1856256986,Dream Archives,"Craig Taborn, Tomeka Reid & Ches Smith",2026-01-16
870bae1a-01ef-4247-91a0-843dd96a6a05,crushed,no scope,Album,2025-09-26,https://music.apple.com/us/album/no-scope/1817616700,no scope,crushed,2025-09-26
40411264-62b9-4c67-8928-c5cee4159f6d,Cubzoa,Unfold in the Sky,Album,2025-10-24,https://music.apple.com/us/album/unfold-in-the-sky/1818861949,Unfold In The Sky,Cubzoa,2025-10-24
264eb878-c0e0-42e3-9759-a5bc071f1846,Danish String Quartet,Keel Road,Album,2024-08-30,https://music.apple.com/us/album/keel-road/1750673026,Keel Road,Danish String Quartet,2024-08-30
a1a26fef-9164-45e9-a1a9-37d59cba0e28,DARKSIDE,Nothing,Album,2025-02-28,https://music.apple.com/us/album/nothing/1779751016,Nothing,DARKSIDE,2025-02-28
eb1e8d2d-b1af-4eab-9d3a-9ea34bd948be,David Naegele,Journeys Out of Body,Album,2025-04-18,https://music.apple.com/us/album/journeys-out-of-body/1807832630,Journeys Out of Body,David Naegele,2025-04-18
8d1ef323-893d-41fb-8001-08d8a83c88a9,"Dean & Britta, Sonic Boom",A Peace of Us,Album,2024-11-22,https://music.apple.com/us/album/a-peace-of-us/1762088996,A Peace of Us,Dean & Britta & Sonic Boom,2024-11-22
6e037e15-10a2-4628-9b0e-43cff2fc5598,Dean Spunt,OCCII Dokie,EP,2025-11-14,https://music.apple.com/us/album/occii-dokie-ep/1844426161,Occii Dokie - EP,Dean Spunt,2025-11-14
150ded7d-0c67-49f6-8e11-d9610c101c22,deary,Birding,Album,2026-04-03,https://music.apple.com/us/album/birding/1859619407,Birding,deary,2026-04-03
d8d90aba-ddd7-4e0e-9cb1-89261228f20b,Desire,Dangerous Drug,EP,2024-06-14,https://music.apple.com/us/album/dangerous-drug-ep/1840309670,Dangerous Drug - EP,Desire,2024-06-28
8bbd578d-cf98-4deb-9b8f-d6297d43e9c0,Destroyer,Dan’s Boogie,Album,2025-03-28,https://music.apple.com/us/album/dans-boogie/1839207466,Dan's Boogie,Destroyer,2025-03-28
845a7016-2a90-40e4-8650-3e0b487d80cf,Dialect,Atlas of Green,Album,2024-09-20,https://music.apple.com/us/album/atlas-of-green/1747004981,Atlas of Green,Dialect,2024-09-20
f0c373ac-2b12-4450-b0e1-a559b1bb9abf,Dialect,Full Serpent,EP,2026-01-23,https://music.apple.com/us/album/full-serpent-ep/1858613044,Full Serpent - EP,Dialect,2026-01-23
438151f7-16f2-453b-988a-99362f17f531,"Dino Saluzzi, Jacob Young & José Maria Saluzzi",El Viejo Caminante,Album,2025-07-11,https://music.apple.com/us/album/el-viejo-caminante/1813886262,El Viejo Caminante,"Dino Saluzzi, Jacob Young & José Maria Saluzzi",2025-07-11
42de1226-91e9-4865-ad89-ad0525f4abe2,DJ Seinfeld,If U Like Me,EP,2024-05-09,https://music.apple.com/us/album/if-u-like-me-single/1742098438,If U Like Me - Single,DJ Seinfeld,2024-05-09
c90ef592-88cc-4d36-b024-e919fc0a145e,drøne,feral,Album,2025-12-05,https://music.apple.com/us/album/feral/1842889996,feral,Drøne,2025-12-05
01728568-5d8c-47ad-9825-c3ca05fd34d6,Edith Frost,In Space,Album,2025-02-28,https://music.apple.com/us/album/in-space/1777529677,In Space,Edith Frost,2025-02-28
31113107-50e8-4de9-92bb-8de2b2d564c7,El Hardwick,Process of Elimination,Album,2024-09-27,https://music.apple.com/us/album/process-of-elimination/6767583423,Process of Elimination,El Hardwick,2024-10-18
031f8d2a-1297-4761-b767-c39c4c49fda3,Eli Winter,A Trick of the Light,Album,2025-05-02,https://music.apple.com/us/album/a-trick-of-the-light/1787037967,A Trick of the Light,Eli Winter,2025-05-02
01074a85-e890-47ce-85f1-e8e2d284b0f0,Eluvium,Virga III,Album,2026-05-15,https://music.apple.com/us/album/virga-iii/1866963581,Virga III,Eluvium,2026-05-15
fd73c395-58ab-4037-b7f9-f646a2b32c20,Endon,Fall of Spring,Album,2024-08-23,https://music.apple.com/us/album/fall-of-spring/1743300120,Fall of Spring,Endon,2024-08-23
e6b8821c-e56c-4e92-9eb5-7bacdee86cfb,Eye Flys,Eye Flys,Album,2024-01-26,https://music.apple.com/us/album/eye-flys/1726963313,Eye Flys,Eye Flys,2024-01-26
eca3db2f-3ef0-4795-8e18-f94156368449,FaltyDL,Neurotica,Album,2025-06-13,https://music.apple.com/us/album/neurotica/1795987832,Neurotica,FaltyDL,2025-06-13
5286ba1d-4abc-41a9-9118-8dae3c042225,Faun Fables,Counterclockwise,Album,2025-05-30,https://music.apple.com/us/album/counterclockwise/1794165745,Counterclockwise,Faun Fables,2025-05-30
4f10abbf-db52-4c6b-89fd-a9776600696c,feeo,Goodness,Album,2025-10-10,https://music.apple.com/us/album/goodness/6770565446,Goodness,feeo,2025-10-10
ed992df6-20a6-41b4-aa9b-869af4b48c97,Fennesz,The Last Days of May,EP,2026-02-22,https://music.apple.com/us/album/the-last-days-of-may-ep/1880157136,The Last Days of May - EP,Fennesz,2026-03-27
bd83b72d-7ada-4129-abb1-1ed72524f0da,Florian Weber,Imaginary Cycle,Album,2024-09-13,https://music.apple.com/us/album/imaginary-cycle/1760718364,Imaginary Cycle,Florian Weber,2024-09-13
a06b9a39-c3d2-4c44-b0e0-0d838eb2afbc,Fred Thomas,Window in the Rhythm,Album,2024-10-04,https://music.apple.com/us/album/window-in-the-rhythm/1768108466,Window in the Rhythm,Fred Thomas,2024-10-04
08ee609c-957e-4f31-8415-dcf92bb9a5d0,FYEAR,FYEAR,Album,2024-04-05,https://music.apple.com/us/album/fyear/1724236654,Fyear,FYEAR,2024-04-05
5109884c-1885-4eae-9b2b-f042089096d7,Gabriel da Rosa,Cacofonia,Album,2025-06-06,https://music.apple.com/us/album/cacofonia/1800600251,Cacofonia,Gabriel da Rosa,2025-06-06
cfdee03f-25c7-464c-a97a-4c6d7b487145,GAISTER,GAISTER,Album,2024-11-01,https://music.apple.com/us/album/gaister/6770527132,GAISTER,GAISTER,2024-08-13
d59588e9-04d4-4375-ad0f-e223a144e9a7,Gastr del Sol,We Have Dozens of Titles,Album,2024-05-24,https://music.apple.com/us/album/we-have-dozens-of-titles/1735605051,We Have Dozens of Titles,Gastr Del Sol,2024-05-24
881f1461-fbd2-4bb6-980e-1b7f14f8f4c8,GA‐20,Orphans,Album,2025-12-05,https://music.apple.com/us/album/orphans/1833936002,Orphans,GA-20,2025-12-05
9655a7c7-d0fb-4633-a364-0ccb9cad0d5f,General Magic,Bosko,Album,2025-01-31,https://music.apple.com/us/album/bosko/1787541457,Bosko,General Magic,2025-01-31
8af4a13b-6719-4663-a41b-fe7f47fda5e8,Glitterer,Rationale,Album,2024-02-23,https://music.apple.com/us/album/rationale/1709511448,Rationale,Glitterer,2024-02-23
9a2d4d06-b1cd-4638-b5f7-d7bca1fd45ee,Glyders,Forever,Album,2025-11-21,https://music.apple.com/us/album/forever/1830079070,Forever,Glyders,2025-11-21
c44fa39a-55e3-4ff8-980b-7721d87473ba,Goat Girl,Below the Waste,Album,2024-06-07,https://music.apple.com/us/album/below-the-waste/1726888259,Below the Waste,Goat Girl,2024-06-07
6278a057-ce30-47eb-85ed-5a68482d921d,Good Flying Birds,Talulah's Tape,Album,2025-10-17,https://music.apple.com/us/album/talulahs-tape/1817694381,Talulah's Tape,Good Flying Birds,2025-10-17
0552e06a-9da3-4539-922f-04ac0576bf77,Good Morning,Just In Time / Ahhhh (This Isn’t Ideal),EP,2024-01-23,https://music.apple.com/us/album/just-in-time-ahhhh-this-isnt-ideal-ep/1721430661,Just in Time / Ahhhh (This Isn’t Ideal) - EP,Good Morning,2024-01-23
0293733c-76e5-44df-91d6-70adff56c725,Grails,Miracle Music,Album,2025-05-16,https://music.apple.com/us/album/miracle-music/1793636985,Miracle Music,Grails,2025-05-16
42426757-f7f5-4d40-bec7-acdb60a335c1,"Gregory Uhlmann, Josh Johnson & Sam Wilkes",Uhlmann Johnson Wilkes,Album,2025,https://music.apple.com/us/album/uhlmann-johnson-wilkes/1782935110,Uhlmann Johnson Wilkes,"Gregory Uhlmann, Josh Johnson & Sam Wilkes",2025-03-14
4e09970b-fd07-4a9e-81b7-d1e21e3499cb,Gunn-Truscinski Duo,Flam,Album,2025-02-28,https://music.apple.com/us/album/flam/1784855461,Flam,Gunn - Truscinski Duo,2025-02-28
bf9dccad-90e1-434e-906e-da38fc23adcb,Hayden Pedigo,"Live in Amarillo, Texas",Album,2024-09-06,https://music.apple.com/us/album/live-in-amarillo-texas/1775758497,"Live in Amarillo, Texas",Hayden Pedigo,2024-09-06
e9d792a1-844e-4021-a63b-adc31cc430db,Heith,Escape Lounge,Album,2025-04-25,https://music.apple.com/us/album/escape-lounge/1804357733,Escape Lounge,Heith,2025-04-25
429fd431-49f3-4df2-9b9b-57e9f4e59f0f,Heith,The Liars Tell...,EP,2024-05-10,https://music.apple.com/us/album/the-liars-tell-ep/1735787054,The Liars Tell... - EP,Heith,2024-05-10
3507a6f6-b811-483d-91f2-fb520d580ae3,Helen Ganya,Share Your Care,Album,2025-02-07,https://music.apple.com/us/album/share-your-care/1777253061,Share Your Care,Helen Ganya,2025-02-07
cf44a3d9-1a8d-4a9f-a0de-912147c72f38,HHY & The Kampala Unit,Turbo Meltdown,Album,2025-04-11,https://music.apple.com/us/album/turbo-meltdown/1791839566,TURBO MELTDOWN,HHY & The Kampala Unit,2025-04-11
9e0cf0ae-c887-4d05-bb94-3b1e1ad5a94c,Holy Sons,Puritan Themes,Album,2025-10-31,https://music.apple.com/us/album/puritan-themes/1830318408,Puritan Themes,Holy Sons,2025-10-31
5d93c9ec-0f89-48ba-a187-d145b5ab0870,Horse Lords,Demand to Be Taken to Heaven Alive!,Album,2026-06-12,https://music.apple.com/us/album/demand-to-be-taken-to-heaven-alive/1880763995,Demand to Be Taken to Heaven Alive!,Horse Lords,2026-06-12
fd2e3d8e-8eb2-4320-9223-64d6806fd1f1,Horse Lords & Arnold Dreyblatt,FRKWYS Vol. 18: Extended Field,Album,2025-11-21,https://music.apple.com/us/album/frkwys-vol-18-extended-field/1834968198,FRKWYS Vol. 18: Extended Field,Horse Lords & Arnold Dreyblatt,2025-11-21
20ca4010-cd9e-4ff5-9223-c77ca2e94c13,Horsegirl,Julie In Twos,EP,2025-09-23,https://music.apple.com/us/album/julie-in-twos-single/1837699572,Julie In Twos - Single,Horsegirl,2025-09-23
87847677-0de2-4966-81ed-ed756558ad64,Hüsker Dü,"Jan. 30, First Ave Pt.1",EP,2025-06-30,https://music.apple.com/us/album/jan-30-first-ave-pt-1-ep/1820508603,"Jan. 30, First Ave Pt.1 - EP",Hüsker Dü,2025-07-01
97d481ec-e62a-42ba-93aa-00a1a81e5bc6,Ibibio Sound Machine,Anyone Like You EP,EP,2025-09-24,https://music.apple.com/us/album/anyone-like-you-ep/1837499879,Anyone Like You - EP,Ibibio Sound Machine & Village Cuts,2025-09-24
3e15b1b0-fe19-4ce0-808c-9507cabc8d9b,Innode,grain,Album,2024-04-19,https://music.apple.com/us/album/grain/1799319650,grain,Innode,2024-04-19
0ab8304d-8403-4bef-99bc-9d7bbe70474d,Isabel Pine,Fables,Album,2026-02-20,https://music.apple.com/us/album/fables/1867029720,Fables,Isabel Pine,2026-02-20
3737fe76-67e7-4ef1-bca1-a9c34ab14266,Isik Kural,As Flurries,Album,2026-03-13,https://music.apple.com/us/album/as-flurries-ep/1870618286,As Flurries - EP,Isik Kural,2026-03-13
6f16f1d3-0210-4151-aa55-9d97e450df1b,Isik Kural,Moon in Gemini,Album,2024-09-06,https://music.apple.com/us/album/moon-in-gemini/1747764579,Moon in Gemini,Isik Kural,2024-09-06
51a1df5b-4b81-46f2-9f2b-ebb603f9345b,Isobel Waller-Bridge,Sweetpea (Original Series Soundtrack),Album,2024-10-10,https://music.apple.com/us/album/sweetpea-original-series-soundtrack/1771474868,Sweetpea (Original Series Soundtrack),Isobel Waller-Bridge,2024-10-10
09c3fe13-39c1-4a61-a220-7fa61c1fb4f6,J. Spaceman & John Coxon,Music for William Eggleston's Stranded in Canton,Album,2024-10-18,https://music.apple.com/us/album/music-for-william-egglestons-stranded-in-canton/1756159350,Music for William Eggleston's Stranded in Canton,"J Spaceman, John Coxon & Spiritualized",2024-11-01
91c73d58-b9c3-48e9-ad8c-df69461892e5,Jake Xerxes Fussell,When I'm Called,Album,2024-07-12,https://music.apple.com/us/album/when-im-called/1739436972,When I'm Called,Jake Xerxes Fussell,2024-07-12
b9047629-2030-41e3-8420-23fcb170adfc,Jako Maron,Mahavélouz,Album,2025-02-07,https://music.apple.com/us/album/mahave-louz/1773847564,Mahavélouz,Jako Maron,2025-02-07
62b3e9ad-2695-4c19-8c83-3920eef56bbe,James Krivchenia,Performing Belief,Album,2025-05-02,https://music.apple.com/us/album/performing-belief/1784033897,Performing Belief,James Krivchenia,2025-05-02
078015e2-3095-4538-b36c-5ecc495b4bcc,Jeff Bridges,"Slow Magic, 1977-1978",Album,2025-04-11,https://music.apple.com/us/album/slow-magic-1977-1978/1789183175,"Slow Magic, 1977-1978",Jeff Bridges,2025-04-11
2719a452-f1f8-4c8f-b725-b4ca9001a979,Jeff Russo,Star Trek: Starfleet Academy – Season 1 (Original Series Soundtrack),Album,2026-01-16,https://music.apple.com/us/album/star-trek-starfleet-academy-season-1-original-series/1867239940,Star Trek: Starfleet Academy – Season 1 (Original Series Soundtrack),Jeff Russo,2026-01-16
95eb8965-5e79-4c9a-8b25-7de1295ed419,Jeremy Denk,Ives Denk,Album,2024-10-18,https://music.apple.com/us/album/ives-denk/1763017831,IVES DENK,Jeremy Denk,2024-10-18
0badd16e-359e-4215-b92e-37bd772af190,Joe McPhee,I'm Just Say'n,Album,2025-01-31,https://music.apple.com/us/album/im-just-sayn/1789837670,I'm Just Say'n,Joe McPhee,2025-01-31
597a0806-450d-4ce1-8a18-c367ec2077b6,John Cale,MiXology (volume 1),Album,2025-05-02,https://music.apple.com/us/album/mixology-volume-1/1801807047,Mixology (Volume 1),John Cale,2025-05-02
c414a468-6829-4c7e-8ff8-279b67258fee,John Surman,Words Unspoken,Album,2024,https://music.apple.com/us/album/words-unspoken/1720407592,Words Unspoken,John Surman,2024-02-16
ffe7d1c3-f1d5-449c-8ee3-50a9190b264d,Jon Balke,Skrifum,Album,2025-02-28,https://music.apple.com/us/album/skrifum/1782891798,Skrifum,Jon Balke,2025-02-28
bd828a55-8cc7-4dd4-954d-cd0e3b3034c5,Joni Void,Every Life Is A Light,Album,2025-03-14,https://music.apple.com/us/album/every-life-is-a-light/1786162349,Every Life Is A Light,Joni Void,2025-03-14
36768602-4890-4509-a3b8-e9fe5ba5b97c,Joseph Shirley,The Underdoggs (Original Motion Picture Score),Album,2024-02-02,https://music.apple.com/us/album/the-underdoggs-original-motion-picture-score/1726978896,The Underdoggs (Original Motion Picture Score),Joseph Shirley,2024-02-02
62ab7425-c171-4870-a030-632e4713a232,Julia Jacklin,The Gem,Album,2026-09-25,https://music.apple.com/us/album/the-gem/6771009439,The Gem,Julia Jacklin,2026-09-25
cb258867-e83a-4e87-a489-925231e341cf,Juliet Lawson,Boo! The Early Recordings 1971-73,Album,2024,https://music.apple.com/us/album/boo-the-early-recordings-1971-73/1763094981,Boo! The Early Recordings 1971-73,Juliet Lawson,2024-10-25
de201b99-42be-4c4c-a573-0108921627c5,Jung An Tagen,Revenge of the Speaker People,Album,2025-09-26,https://music.apple.com/us/album/revenge-of-the-speaker-people/1835742620,Revenge of the Speaker People,Jung An Tagen,2025-09-26
43f471ef-bf15-4727-ace4-1da167a74b4e,Juno Francis,Melancholia,Album,2025-03-07,https://music.apple.com/us/album/melancholia/1840312799,Melancholia,Juno Francis,2025-03-07
5da46376-a8a4-4f19-bccc-7c4b9160b243,Karate Boogaloo,Hold Your Horses,Album,2024-05-03,https://music.apple.com/us/album/hold-your-horses/1726622737,Hold Your Horses,Karate Boogaloo,2024-05-03
9382b0eb-10ae-4f3e-b570-c2f166987d9e,Kate Bollinger,Shop Girl,EP,2026-10-02,https://music.apple.com/us/album/shop-girl-ep/6793256482,Shop Girl - EP,Kate Bollinger,2026-10-02
7375c236-6a7d-4d71-8036-02d4dd35a70f,Kate NV,Room for the Moon Live!,Album,2025-06-13,https://music.apple.com/us/album/room-for-the-moon-live/1810727369,Room for the Moon Live,Kate NV,2025-06-13
08c6c716-2fde-4062-b845-cc97338b6373,Kee Avil,Spine,Album,2024,https://music.apple.com/us/album/spine/1727787761,Spine,Kee Avil,2024-05-03
14625f6f-bd58-4407-ba39-e4a6eea6c1c6,Kinact,Kinshasa in Action,Album,2026-03-27,https://music.apple.com/us/album/kinshasa-in-action/1886474264,Kinshasa In Action,KINACT,2026-03-27
1fd9097c-8b89-4615-b2e1-79598501bfa7,Kingdom Molongi,Kembo,Album,2025-03-28,https://music.apple.com/us/album/kembo/1791793880,Kembo,Kingdom Molongi,2025-03-28
4504db05-0feb-4059-a660-4393d3f84b93,Klara Lewis,Thankful,Album,2024-09-27,https://music.apple.com/us/album/thankful/1799320913,Thankful,Klara Lewis,2024-09-27
e2e34063-fd7c-442a-ba93-a9474879a007,KMRU,Kin,Album,2026,https://music.apple.com/us/album/kin/1867766406,Kin,KMRU,2026-02-13
6835b86c-5797-4e2a-a2e2-c7f0834886b3,KMRU,Natur,Album,2024-07-26,https://music.apple.com/us/album/natur/1743764327,Natur,KMRU,2024-07-26
0a1e4150-2568-41d8-8352-ce6d6ed3c47f,Kris Bowers,Origin: Original Motion Picture Soundtrack,Album,2024-01-19,https://music.apple.com/us/album/origin-original-motion-picture-soundtrack/1725771115,Origin (Original Motion Picture Soundtrack),Kris Bowers,2024-01-19
6fd4c224-f144-4719-bf4e-bfcf59c26577,Kyle M,Winter’s Wish,EP,2025-11-21,https://music.apple.com/us/album/winters-wish-ep/1847761489,Winter’s Wish - EP,Kyle M,2025-11-21
5d425347-4725-438b-8ec3-f6e7e4243b82,Lamin Fofana,Works In Metal,Album,2025-09-18,https://music.apple.com/us/album/works-in-metal/1834488792,Works In Metal,Lamin Fofana,2025-09-09
da6ea754-6f6c-4983-8216-9a0e88dac803,Land of Talk,The EPs,Album,2024-07-12,https://music.apple.com/us/album/the-eps/1750340594,The EPs,Land of Talk,2024-07-12
0f779788-bf1b-49c1-b9ab-d18f005103fa,Lasse Marhaug,Provoke,Album,2024-11-13,https://music.apple.com/us/album/provoke/1824200186,Provoke,Lasse Marhaug,2025-07-11
28866141-b96e-41af-9b4e-b5aab85654a9,Lawrence Hart,ASKING FOR A FRIEND,Album,2025-11-14,https://music.apple.com/us/album/asking-for-a-friend/1834732561,ASKING FOR A FRIEND,Lawrence Hart,2025-11-14
a0045119-e51f-4265-9b26-7ae9bd7f7955,Le Diouck,Grace Joke,Album,2025-06-27,https://music.apple.com/us/album/grace-joke/1816949283,Grace Joke,Le Diouck,2025-06-27
82b86bbe-1da3-4abd-989a-08a41b2c4ebd,Les Imprimés,Fading Forward,Album,2026-04-10,https://music.apple.com/us/album/fading-forward/1862280798,Fading Forward,Les Imprimés,2026-04-10
007962cc-695d-49dc-8325-ef764a75735d,Liam Bailey,Zero Grace: Instrumentals,Album,2024-05-10,https://music.apple.com/us/album/zero-grace-instrumentals/1730087860,Zero Grace (Instrumentals),Liam Bailey,2024-05-10
673436aa-bb57-4cf3-a7ff-2f8b458e996f,LICE,Third Time at the Beach,Album,2024-09-20,https://music.apple.com/us/album/third-time-at-the-beach/1739147316,Third Time at the Beach,LICE,2024-09-20
ad22cd56-26b1-433f-b1df-045d84a50811,Lila Tirando a Violeta & Sin Maldita,Accelarated,EP,2024-05-31,https://music.apple.com/us/album/accelarated/1743114889,Accelarated,Lila Tirando a Violeta & Sin Maldita,2024-05-31
921abf21-eb44-4d00-aa3c-5f396ec02873,Linda Smith,Nothing Else Matters,Album,2024-03-01,https://music.apple.com/us/album/nothing-else-matters/6789811324,Nothing Else Matters,Linda Smith,2024-03-01
20eec177-471e-4e71-aade-2b4bc5c4b322,Loma,How Will I Live Without a Body?,Album,2024-06-08,https://music.apple.com/us/album/how-will-i-live-without-a-body/1737288821,How Will I Live Without a Body?,Loma,2024-06-28
b8349baa-fa6d-437a-bba4-e55f9967548e,Los Retros,Odisea,Album,2026-04-03,https://music.apple.com/us/album/odisea/1868570706,Odisea,Los Retros,2026-04-03
ed487ebf-7742-4a4b-b288-a966db3677be,Louis Sclavis / Benjamin Moussay,Unfolding,Album,2024-09-13,https://music.apple.com/us/album/unfolding/1760783140,Unfolding,Louis Sclavis & Benjamin Moussay,2024-09-13
c718404f-a937-4cd3-97d9-55491dbcb7af,Low End Activist,Airdrop,Album,2024-04-12,https://music.apple.com/us/album/airdrop/1734348916,Airdrop,Low End Activist,2024-04-12
c89d3381-bc1e-42ee-86a8-e54b21308b7c,Low End Activist,Airdrop III,Album,2025-11-14,https://music.apple.com/us/album/airdrop-iii/1846156445,Airdrop III,Low End Activist,2025-11-14
33b8a0c8-c75c-4a4e-b53a-513634a2af35,Lucrecia Dalt,caes,EP,2025-12-19,https://music.apple.com/us/album/caes-single/1858056311,caes - Single,Lucrecia Dalt,2025-12-19
42297b8b-3328-4e94-ad6a-93a3719e9951,LuxJury,Giving Up,Album,2026-03-27,https://music.apple.com/us/album/giving-up/1856310678,Giving Up,LuxJury,2026-03-27
ed220d58-cfc6-4a77-bae3-b2bb48270c1b,Mae Powell,Making Room for the Light,Album,2025-08-15,https://music.apple.com/us/album/making-room-for-the-light/1812055670,Making Room for the Light,Mae Powell,2025-08-15
7408049f-a153-481a-a27f-2c8c75399fb2,Major Stars,More Colors of Sound,Album,2025-10-24,https://music.apple.com/us/album/more-colors-of-sound/1823942093,More Colors of Sound,Major Stars,2025-10-24
6339d572-ec76-4086-91a6-a8dd61e1c6af,Makaya McCraven,Hidden Out!,EP,2025-10-31,https://music.apple.com/us/album/hidden-out-ep/1831556638,Hidden Out! - EP,Makaya McCraven,2025-10-29
96dfcce2-9ddb-4c2e-a2f7-bdfe31896782,Makaya McCraven,PopUp Shop,EP,2025-10-31,https://music.apple.com/us/album/popup-shop-ep/1831556899,PopUp Shop - EP,Makaya McCraven,2025-10-28
60a17065-7d1e-4bc9-ab94-0001c84ad198,Makaya McCraven,The People's Mixtape,EP,2025-10-31,https://music.apple.com/us/album/the-peoples-mixtape-ep/1831556613,The People's Mixtape - EP,Makaya McCraven,2025-10-30
5948012a-9d3b-4cb5-a3eb-b576830d754c,Man Man,Carrot on Strings,Album,2024-06-07,https://music.apple.com/us/album/carrot-on-strings/1731471760,Carrot On Strings,Man Man,2024-06-07
30ae7f9e-7f3b-40ab-9e41-6770216ac47a,Maria Somerville,Luster,Album,2025-04-25,https://music.apple.com/us/album/luster/1792324753,Luster,Maria Somerville,2025-04-25
5b08e3d8-683e-47ca-9d82-37178ca0718f,Marielle V Jakobsons,The Patterns Lost to Air,Album,2026-02-20,https://music.apple.com/us/album/the-patterns-lost-to-air/1854596995,The Patterns Lost to Air,Marielle V Jakobsons,2026-02-20
bba599c8-310a-49cc-925e-5bc4f58e11f3,Marilyn Crispell,Memento,Album,2026-03-20,https://music.apple.com/us/album/memento/1872686388,Memento,Marilyn Crispell & Anders Jormin,2026-03-20
522a26be-5546-4a08-8390-c1040d4bd155,Marisa Anderson,The Anthology of UnAmerican Folk Music,Album,2026-05-22,https://music.apple.com/us/album/the-anthology-of-unamerican-folk-music/1874414797,The Anthology of Unamerican Folk Music,Marisa Anderson,2026-05-22
897b39b9-ed95-49a0-8725-f320e1ecfa0d,Mark Molnar,EXO,Album,2025-04-25,https://music.apple.com/us/album/exo/1802685271,EXO,Mark Molnar,2025-06-06
38f8d3f9-129b-47a4-bea3-07f6573c6c90,Mary Halvorson,About Ghosts,Album,2025,https://music.apple.com/us/album/about-ghosts/1802841226,About Ghosts,Mary Halvorson,2025-06-13
6507c45e-aaee-4cde-a53b-eecc79f7544f,Masayoshi Fujita,Migratory,Album,2024-09-06,https://music.apple.com/us/album/migratory/1749325004,Migratory,Masayoshi Fujita,2024-09-06
c25faa5f-7789-4684-8e2e-fe8637b614c4,Matchess,Stena,Album,2024-09-27,https://music.apple.com/us/album/stena/1756428458,Stena,Matchess,2024-09-27
0027a811-a498-44a8-b38d-aad26883808c,Matthewdavid,Uncleared,Album,2024-05-20,https://music.apple.com/us/album/uncleared-ep/1765697108,Uncleared - EP,Matthewdavid,2024-10-01
995be131-09c2-4298-888f-c7867b200f91,Meemo Comma,Decimation of I,Album,2024-10-11,https://music.apple.com/us/album/decimation-of-i/1761184015,Decimation Of I,Meemo Comma,2024-10-11
915b6853-519e-463d-b201-bf7ffa3a2081,megiapa,Intentions,Album,2026-09-25,https://music.apple.com/us/album/intentions/6782470588,Intentions,megiapa,2026-09-25
8976ecc2-6792-4df8-90ec-32d4efc4a41d,Meredith Monk,Cellular Songs,Album,2025-10-17,https://music.apple.com/us/album/cellular-songs/1838417914,Cellular Songs,Meredith Monk,2025-10-17
4d2b8b78-4c1c-42ed-80b0-401614e834b5,Midlake,A Bridge to Far,Album,2025-11-07,https://music.apple.com/us/album/a-bridge-to-far/1840205527,A Bridge To Far,Midlake,2025-11-07
2fb8a582-4ee0-483a-a3dc-f0cafde2970c,Midori Hirano,OTONOMA,Album,2026-02-20,https://music.apple.com/us/album/otonoma/1837277068,Otonoma,Midori Hirano,2026-02-20
9b3bbca0-35e5-4f4d-af0a-80627e937eea,Mildlife,Chorus,Album,2024-03-01,https://music.apple.com/us/album/chorus/1713532980,Chorus,Mildlife,2024-03-01
c01d4f51-22aa-4352-986e-86064320e8a7,Miroslav Vitouš,Mountain Call,Album,2026-03-27,https://music.apple.com/us/album/mountain-call/1874252243,Mountain Call,"Miroslav Vitous, Michel Portal & Jack DeJohnette",2026-03-27
431dd03a-d030-4a9d-9c84-3c674c8045ba,Mogwai,The Bad Fire,Album,2025-01-24,https://music.apple.com/us/album/the-bad-fire/1772756309,The Bad Fire,Mogwai,2025-01-24
acb0006f-985a-4347-9857-88eb331b07ee,Moin,Belly Up,EP,2025-05-09,https://music.apple.com/us/album/belly-up-ep/6767550607,Belly Up - EP,Moin,2025-05-09
a0ece218-f206-4268-bc29-484806b0c53a,MONO,Oath,Album,2024-06-14,https://music.apple.com/us/album/oath/1733739373,Oath,MONO,2024-06-14
fd25aa06-98b7-4d7b-ac59-46a94325daf7,Mount Kimbie,The Sunset Violent (Live in Heidelberg),Album,2025-06-20,https://music.apple.com/us/album/the-sunset-violent-live-in-heidelberg/1807295507,The Sunset Violent (Live in Heidelberg),Mount Kimbie,2025-05-30
ca7ac97e-844f-474d-9440-67ad9f18bf64,Mount Kimbie,The Sunset Violent Remixes,EP,2025-03-27,https://music.apple.com/us/album/the-sunset-violent-remixes-single/1795962521,The Sunset Violent Remixes - Single,Mount Kimbie,2025-03-27
7e59e470-050d-4ce1-ac61-8ce5d5e8fc95,My New Band Believe,My New Band Believe,Album,2026-04-10,https://music.apple.com/us/album/my-new-band-believe/1866890640,My New Band Believe,My New Band Believe,2026-04-10
5f1deb6a-dedf-4392-9355-2a2679d6bb74,Myriam Gendron,Mayday,Album,2024-05-03,https://music.apple.com/us/album/mayday/1730589739,Mayday,Myriam Gendron,2024-05-10
22b667d1-e9e1-4603-aa61-87bf3a08373e,Nathan Bowles Trio,Are Possible,Album,2024-07-26,https://music.apple.com/us/album/are-possible/1743865895,Are Possible,Nathan Bowles & Nathan Bowles Trio,2024-07-26
5049b473-b3f2-4e6a-95c5-0d3763fb5489,Naum Gabo,F. Lux,Album,2024-03,https://music.apple.com/us/album/f-lux/1713584722,F. Lux,Naum Gabo,2024-01-26
20c8bec3-72eb-4a12-87f4-11a191868c01,Nazar,Demilitarize,Album,2025-04-25,https://music.apple.com/us/album/demilitarize/1795992061,Demilitarize,Nazar,2025-04-25
b71058cd-f878-4f1e-bca2-0cd8ae05e8c2,Neal Acree,The Mighty Nein (Prime Original Series Soundtrack),Album,2025-12-05,https://music.apple.com/us/album/the-mighty-nein-prime-original-series-soundtrack/1853925847,The Mighty Nein (Prime Original Series Soundtrack),Neal Acree,2025-12-05
c6b72413-1a45-48e9-8d99-41a094600bde,Neva Dinova,Canary,Album,2024-09-27,https://music.apple.com/us/album/canary/1756358080,Canary,Neva Dinova,2024-09-27
916ff881-50f7-419e-95a6-170ba5196c2b,"Nicolas Masson, Colin Vallon, Patrice Moret & Lionel Friedli",Renaissance,Album,2025-03-14,https://music.apple.com/us/album/renaissance/1784502296,Renaissance,"Nicolas Masson, Colin Vallon, Patrice Moret & Lionel Friedli",2025-03-14
6e77534e-3c86-46e9-a9b7-3d9c4cdc92e8,Night Moves,Double Life,Album,2025-07-25,https://music.apple.com/us/album/double-life/1800447303,Double Life,Night Moves,2025-07-25
1a17edb0-97e2-4e67-b003-d70d7f931bd5,Nightmares on Wax,30 Groove St.,EP,2025-05-22,https://music.apple.com/us/album/30-groove-st-single/1808944730,30 Groove St. - Single,Nightmares On Wax,2025-05-22
f7fd42f0-a80d-4666-bbf7-1cffd357c632,Nightmares on Wax,Still Smokin.III.,EP,2025-06-18,https://music.apple.com/us/album/still-smokin-iii-ep/1816213121,Still Smokin.III. - EP,Nightmares On Wax,2025-06-18
fe4ac476-cc0e-41f3-94a9-086fd6c7f628,Nikki Nair & Foodman,Nagoya EP,EP,2025-11-07,https://music.apple.com/us/album/nagoya-single/1847176988,Nagoya - Single,Nikki Nair & Foodman,2025-11-07
688ac1ca-7f7d-4e98-8721-81e8a62c109c,nondi_,Nondi...,Album,2026-02-27,https://music.apple.com/us/album/nondi/1849746132,Nondi...,Nondi_,2026-02-27
3e571940-940d-42a1-85e1-748bb45276a2,Norma Winstone & Kit Downes,Outpost of Dreams,Album,2024-07-05,https://music.apple.com/us/album/outpost-of-dreams/1748765207,Outpost of Dreams,Norma Winstone & Kit Downes,2024-07-05
a8e9ebd6-af92-4ee7-a5ca-ef06f6abdea5,Oded Tzur,My Prophet,Album,2024-06-07,https://music.apple.com/us/album/my-prophet/1740931089,My Prophet,"Oded Tzur, Nitai Hershkovits, Petros Klampanis & Cyrano Almeida",2024-06-07
04b6e453-7eba-4948-8068-cc5251622118,Okay Kaya,Oh My God - That's So Me,Album,2024-09-06,https://music.apple.com/us/album/oh-my-god-thats-so-me/1752715552,Oh My God - That's So Me,Okay Kaya,2024-09-06
2635422b-6247-482a-a7ee-8351cf6a6e06,Okonski,Entrance Music,Album,2025-02-28,https://music.apple.com/us/album/entrance-music/1781719888,Entrance Music,Okonski,2025-02-28
69b4336d-06e9-4562-baae-04b5b3df0885,Olan Monk,Songs for Nothing,Album,2025-11-07,https://music.apple.com/us/album/songs-for-nothing/6779738966,Songs for Nothing,Olan Monk,2025-11-07
7ab56487-7f0a-41de-a4fc-93622f454a60,Oliver Coates,"Throb, shiver, arrow of time",Album,2024-10-18,https://music.apple.com/us/album/throb-shiver-arrow-of-time/1747324685,"Throb, shiver, arrow of time",Oliver Coates,2024-10-18
23fec1b6-a1a9-438d-80fa-b2c210a06d3c,One True Pairing,Endless Rain,Album,2024,https://music.apple.com/us/album/endless-rain/1758482288,Endless Rain,One True Pairing,2024-10-25
9581cb74-8bdc-413f-8d29-799cea0e4ae1,Oren Ambarchi & Eric Thielemans,Kind Regards,Album,2025-02-21,https://music.apple.com/us/album/kind-regards/6770564967,Kind Regards,Oren Ambarchi & Eric Thielemans,2025-02-21
a0817208-3a6a-44ed-a5f2-ea9553b19d00,Pan•American,Fly the Ocean in a Silver Plane,Album,2026-03-27,https://music.apple.com/us/album/fly-the-ocean-in-a-silver-plane/1872810936,Fly the Ocean in a Silver Plane,Pan American,2026-03-27
6e653f94-9bd1-49c2-88f1-61f9b554eb92,Paperclip Minimiser,II,Album,2026-03-13,https://music.apple.com/us/album/ii/1872202418,II,Paperclip Minimiser,2026-03-13
bdd5d72c-23fc-45a1-bf4f-bd35ca0984d5,Patrick Shiroishi,The Afterlife Is Letting Go,EP,2024-12-10,https://music.apple.com/us/album/the-afterlife-is-letting-go-ep/1805799321,The Afterlife Is Letting Go - EP,Patrick Shiroishi,2025-04-25
71124546-5785-40f8-8d12-8541ca4c0047,Paul Ngozi,Lightning And Thunder,Album,2024-09-27,https://music.apple.com/us/album/lightning-and-thunder/1760131547,Lightning and Thunder,Paul Ngozi & Ngozi Family,2024-08-06
7a3ba9e3-21dc-4321-9b97-15961718d267,Paul Ngozi,Viva Ngozi,Album,2024-11-29,https://music.apple.com/us/album/viva-ngozi/1773422961,Viva Ngozi,Paul Ngozi & Ngozi Family,2024-11-29
35c9c65c-c8e9-47fa-be37-d9fc5cdd5b38,Pearl & The Oysters,Planet Pearl,Album,2024-09-20,https://music.apple.com/us/album/planet-pearl/1750558302,Planet Pearl,Pearl & The Oysters,2024-09-20
4bafb650-57f9-4a56-a8a2-39d5e3b3a28d,Perfume Genius,Glory,Album,2025-03-28,https://music.apple.com/us/album/glory/1786362148,Glory,Perfume Genius,2025-03-28
56868d7a-aaf4-450a-8bfb-04db6cac0cd6,Perila,Intrinsic Rhythm,Album,2024-11-08,https://music.apple.com/us/album/intrinsic-rhythm/1769425055,Intrinsic Rhythm,Perila,2024-11-08
45164f5e-ffc3-4871-85e9-aed247489971,Persher,Sleep Well,Album,2024-02-23,https://music.apple.com/us/album/sleep-well/1702949136,Sleep Well,Persher,2024-02-23
519a42c9-4a43-451b-9e17-b33f3bc5c9cb,Peter Rehberg,Liminal States,Album,2025-01-31,https://music.apple.com/us/album/liminal-states/1787541694,Liminal States,Peter Rehberg,2025-01-31
a5e5d0bb-a6b8-4fb0-b3d8-7158a273ed07,Peyton,Au,Album,2025-09-12,https://music.apple.com/us/album/au/1818255019,Au,Peyton & Shafiq Husayn,2025-09-12
e3507965-74c5-4008-87ce-e115baed3c3f,Phelimuncasi & Metal Preyers,Izigqinamba,Album,2024-04-05,https://music.apple.com/us/album/izigqinamba/1729244416,Izigqinamba,Phelimuncasi & Metal Preyers,2024-04-05
a5df56a6-f991-4aa7-9cfc-c84558536158,Philip Jeck,rpm,Album,2024-11-15,https://music.apple.com/us/album/rpm/1771643211,rpm,Philip Jeck,2024-11-15
b7b3334c-371f-4098-a235-6080edf704db,Philip Jeck,rpm,Album,2024-11-15,https://music.apple.com/us/album/rpm/1771643211,rpm,Philip Jeck,2024-11-15
229379d5-bdd1-471d-b38b-15c14fc231d2,Pinar Toprak,Avatar: Frontiers of Pandora - Secrets of the Spires (Original Game Soundtrack),Album,2024-11-29,https://music.apple.com/us/album/avatar-frontiers-of-pandora-secrets-of-the/1778719367,Avatar: Frontiers of Pandora - Secrets of the Spires (Original Game Soundtrack),Pinar Toprak,2024-11-29
3b400d97-8ed5-476a-9a7c-8ffaa2f67698,Plantoid,Terrapath,Album,2024-02-02,https://music.apple.com/us/album/terrapath/1710414529,Terrapath,Plantoid,2024-02-02
1960cc53-c790-421e-9138-1ba1ccd0b9d5,Pom Poko,Champion,Album,2024-08-16,https://music.apple.com/us/album/champion/1737245903,Champion,Pom Poko,2024-08-16
51def6ef-a865-4596-8985-8b4b496d27aa,Preservation Brass,For Fat Man,Album,2025-01-31,https://music.apple.com/us/album/for-fat-man/1786188812,For Fat Man,Preservation Brass & Preservation Hall Jazz Band,2025-01-31
7c4ee333-3c2c-4a0d-8694-684dda4409d0,Preservation Hall Jazz Band,For Fat Man,Album,2025-01-31,https://music.apple.com/us/album/for-fat-man/1786188812,For Fat Man,Preservation Brass & Preservation Hall Jazz Band,2025-01-31
cf8b75cb-ec7b-41e0-bff8-44c05db57906,Prison,Big Rigs on the BQE,Album,2026-07-31,https://music.apple.com/us/album/big-rigs-on-the-bqe/1892140034,Big Rigs on the Bqe,Prison,2026-07-31
8a611ba1-176c-4a8a-b4b0-faf203b8920e,Qoa,SAUCO,Album,2024-06-21,https://music.apple.com/us/album/sauco/1734858898,SAUCO,Qoa,2024-06-21
d694eded-b064-4ede-bbe7-5977d80fd327,Quade,The Foel Tower,Album,2025-04-18,https://music.apple.com/us/album/the-foel-tower/6780477506,The Foel Tower,Quade,2025-04-18
268bf2ef-8bcc-420f-972e-2aa05a0cf142,Rafiq Bhatia,Environments,Album,2025-09-12,https://music.apple.com/us/album/environments/1816026388,Environments,Rafiq Bhatia,2025-09-12
6f502283-cfe4-4d01-b976-c7af77e51f54,Rebecca Foon & Aliayta Foon-Dancoes,Reverie,Album,2025-04-18,https://music.apple.com/us/album/reverie/1803149140,Reverie,Rebecca Foon & Aliayta Foon-Dancoes,2025-06-06
f05a6fdb-10a0-4c58-9e83-f1f9597abb36,Repetition Repetition,"Fit for Consequences: Original Recordings, 1984-1987",Album,2025-05-30,https://music.apple.com/us/album/fit-for-consequences-original-recordings-1984-1987/1803463984,"Fit for Consequences: Original Recordings, 1984-1987",Repetition Repetition,2025-05-30
2d164e32-76b7-4253-88f7-9ec2c935615f,REV,"Stay, Nomad",EP,2025-11-14,https://music.apple.com/us/album/stay-nomad-ep/1838963780,"Stay, Nomad - EP",REV,2025-11-14
5b2018d6-8578-46bf-bcc5-fc9ca69fdd45,RHR,GÍRIA,EP,2026-03-06,https://music.apple.com/us/album/g%C3%ADria-ep/1879510032,GÍRIA - EP,RHR,2026-03-06
13cb4faf-d146-474e-a8f8-489b9082e9e5,Richard Bowen,Pictures In The Air,Album,2025-04-15,https://music.apple.com/us/album/pictures-in-the-air/1805010747,Pictures In The Air,Richard Bowen,2025-04-15
51b8502f-a01c-4ae6-9663-985352a56bac,Richard Chartier,On Leaving,Album,2024-05-24,https://music.apple.com/us/album/on-leaving/1735916437,On Leaving,Richard Chartier,2024-05-24
067f257b-af52-4af2-bb7c-78b25f855570,Ringdown,Lady on the Bike,Album,2025-05-09,https://music.apple.com/us/album/lady-on-the-bike/1799945835,Lady on the Bike,"Ringdown, Caroline Shaw & Danni Lee",2025-05-09
7cc67bcc-fed2-4167-b1b9-e213281f2cfa,Rivet,Peck Glamour,Album,2025-03-21,https://music.apple.com/us/album/peck-glamour/1797396075,Peck Glamour,Rivet,2025-03-21
6e7b3885-755b-476f-9569-3b39412fb129,Robin Carolan,Nosferatu: Original Motion Picture Soundtrack,Album,2024-11-22,https://music.apple.com/us/album/nosferatu-original-motion-picture-soundtrack/1770089922,Nosferatu (Original Motion Picture Soundtrack),Robin Carolan,2024-11-22
71abee76-1d62-4a61-9194-270bec5fbcc3,Rose City Band,Sol Y Sombra,Album,2025-01-24,https://music.apple.com/us/album/sol-y-sombra/1768117691,Sol Y Sombra,Rose City Band,2025-01-24
d6da054f-d86f-41cf-8ed7-bace10010b36,Ross From Friends,Love Divide / The Knife (Bubble Love Remixes),EP,2024-07-02,https://music.apple.com/us/album/love-divide-the-knife-bubble-love-remixes-single/1751948930,Love Divide / The Knife (Bubble Love Remixes) - Single,Ross from Friends,2024-07-02
aeb3da0e-d1c5-485f-b2d0-10dc06c5714f,Rustie,Draoidh,EP,2024-09-27,https://music.apple.com/us/album/draoidh-single/1767420057,Draoidh - Single,Rustie,2024-09-27
a9a89d22-d4c2-4c40-8b83-0a023829d3c9,Ruth Goller,SKYLLUMINA,Album,2024-03-01,https://music.apple.com/us/album/skyllumina/1722688755,SKYLLUMINA,Ruth Goller,2024-03-01
09e0ea7d-295c-48a7-aed7-30fed700893e,Ruth Goller,Skyllumina,Album,2024,https://music.apple.com/us/album/skyllumina/1722688755,SKYLLUMINA,Ruth Goller,2024-03-01
72fd5951-281f-4d90-a96e-c37a4495b171,Sally Potter,Anatomy,Album,2025-05-02,https://music.apple.com/us/album/anatomy/1791573778,Anatomy,Sally Potter,2025-05-02
1ee6689e-f7f6-4403-ac5d-c90f090b94a3,Sally Shapiro,Ready to Live a Lie,Album,2025-05-30,https://music.apple.com/us/album/ready-to-live-a-lie/1840313545,Ready To Live A Lie,Sally Shapiro,2025-05-30
2a8bc9cf-8af2-4d91-a014-f5dce65115be,Sary Moussa,"Wind, Again",Album,2025-06-27,https://music.apple.com/us/album/wind-again/1808983331,"Wind, Again",Sary Moussa,2025-06-27
1d4f0d31-ee4b-4a07-8aee-881cd377a5ec,Satomimagae,Taba,Album,2025-04-25,https://music.apple.com/us/album/taba/1793619670,Taba,Satomimagae,2025-04-25
37b7bdd7-7040-4ed4-9d38-4a290e329470,"Savina Yannatou, Primavera en Salonico & Lamia Bedioui",Watersong,Album,2025-04-11,https://music.apple.com/us/album/watersong/1797077749,Watersong,"Savina Yannatou, Primavera en Salonico & Lamia Bedioui",2025-04-11
c685ae39-18f4-4790-bd82-ab4c6b967f3e,Seefeel,Squared Roots,Album,2024-12-04,https://music.apple.com/us/album/squared-roots/1778028082,Squared Roots,Seefeel,2024-12-11
71458df3-b4e9-41d3-8359-47dcd309548a,Sessa,Köln Sessions,EP,2024-10-02,https://music.apple.com/us/album/k%C3%B6ln-sessions-ep/1769091557,Köln Sessions - EP,Sessa,2024-10-02
8d8948f9-8529-4459-90f8-471a4eccf92a,Shackleton,Euphoria Bound,Album,2026-01-30,https://music.apple.com/us/album/euphoria-bound/1857976558,Euphoria Bound,Shackleton,2026-01-30
e2c363a7-db48-4ac3-8a63-cc54d1629447,Shaun-D,From Bubbling to Dutch House,Album,2025-05-23,https://music.apple.com/us/album/from-bubbling-to-dutch-house/1792011376,From Bubbling to Dutch House,DJ Shaun-D,2025-05-23
f6c2b439-1407-49ea-81af-03d194417fdf,Silver Scrolls,Mind Lines,Album,2024-09-06,https://music.apple.com/us/album/mind-lines/1754242946,Mind Lines,Silver Scrolls,2024-09-06
e9210432-c02f-4d4d-a7b8-b2172324bdff,"Sisso, Maiko",Singeli Ya Maajabu,Album,2024-05-10,https://music.apple.com/us/album/singeli-ya-maajabu/1727199478,Singeli Ya Maajabu,Sisso & Maiko,2024-05-10
c511ebca-45dd-45a1-8b3b-77aca8641309,SLIFT,Fantasia,Album,2026-06-05,https://music.apple.com/us/album/fantasia/1881769864,Fantasia,SLIFT,2026-06-05
bce67182-f2ab-4b1c-a9b1-0aac8b077e4c,SoFTT,HaRDD,EP,2025-03-07,https://music.apple.com/us/album/hardd-ep/1795958378,HaRDD - EP,SoFTT,2025-03-07
2c9fa3f1-e884-4170-8d16-7fce276a4d07,Squirrel Flower,Live at Top Note Theatre,Album,2025-05-23,https://music.apple.com/us/album/live-at-top-note-theatre/1812582403,Live at Top Note Theatre,Squirrel Flower,2025-05-23
165db2e1-dc8c-41aa-a5c0-42ae2f836673,SQÜRL,Music For Man Ray,Album,2024-05-17,https://music.apple.com/us/album/music-for-man-ray/1729829487,Music for Man Ray,SQÜRL,2024-05-17
448f978d-f3be-4895-b33a-3bbcfddc0d29,Stephan Micus,To the Rising Moon,Album,2024-11-15,https://music.apple.com/us/album/to-the-rising-moon/1766314099,To the Rising Moon,Stephan Micus,2024-11-15
156d6b79-f66e-4936-95d7-b0a65274d4e5,Stephen Barton,SMITE 2 (Official Game Soundtrack),Album,2024-08-20,https://music.apple.com/us/album/smite-2-official-game-soundtrack/1760409404,SMITE 2 (Official Game Soundtrack),Stephen Barton,2024-08-20
00252702-7533-42eb-af36-80c67649bd92,Steve Gunn,Music for Writers,Album,2025-08-15,https://music.apple.com/us/album/music-for-writers/1811725568,Music For Writers,Steve Gunn,2025-08-15
22104bc5-2504-4257-9206-7cb957f149a3,Steve Reich,Collected Works,Album,2025-03-14,https://music.apple.com/us/album/collected-works/1806198214,Collected Works,Steve Reich,2025-03-14
b13aa4a2-cccd-400e-9334-11b4111fb593,Steve Tibbetts,Close,Album,2025-10-24,https://music.apple.com/us/album/close/1838437009,Close,Steve Tibbetts,2025-10-24
9ba29c36-188e-4d91-b119-b3cff160c72b,Surprise Chef,Superb,Album,2025-05-16,https://music.apple.com/us/album/superb/1792495146,Superb,Surprise Chef,2025-05-16
cd4cfd1f-a49e-4e29-91cf-78cc932975a1,Sussan Deyhim & Richard Horowitz,The Invisible Road (Original Recordings 1985–1990),Album,2024-11-08,https://music.apple.com/us/album/the-invisible-road-original-recordings-1985-1990/1761434965,"The Invisible Road: Original Recordings, 1985–1990",Sussan Deyhim & Richard Horowitz,2024-11-08
2163671d-a2ab-4f6a-9d48-1c90293ba1b1,Sydney Minsky Sargeant,Lunga,Album,2025-09-12,https://music.apple.com/us/album/lunga/1815990002,Lunga,Sydney Minsky Sargeant,2025-09-12
8e99070f-458c-47f2-9bb8-8dafc72c6be4,T. Gowdy,Trill Scan,Album,2025-03-14,https://music.apple.com/us/album/trill-scan/1784790179,Trill Scan,T. Gowdy,2025-03-12
8af9e2ec-692b-4806-b78a-8f590cfbf978,Takkak Takkak,Takkak Takkak,Album,2024-06-07,https://music.apple.com/us/album/takkak-takkak/1729607912,Takkak Takkak,Takkak Takkak,2024-06-07
d5863ae6-b976-4141-988f-0aaac4d28017,Tashi Dorji,we will be wherever the fires are lit,Album,2024-11-22,https://music.apple.com/us/album/we-will-be-wherever-the-fires-are-lit/1765012827,We Will Be Wherever the Fires Are Lit,Tashi Dorji,2024-11-22
fa574a4f-2798-49c2-91b6-f39acb0a5e82,Teri Lyon,I Used To Dream,Album,2025-09-19,https://music.apple.com/us/album/i-used-to-dream/1836501008,I Used To Dream,Teri Lyon,2025-09-19
a5b8d9b0-0895-49eb-bee3-c4e41a476267,The American Analog Set,New Drifters,Album,2024-02-09,https://music.apple.com/us/album/new-drifters/1737504944,New Drifters,The American Analog Set,2024-02-09
3975ab74-d1b8-4db6-9371-7194f64b3a91,The Body,All the Waters of the Earth Turn to Blood,Album,2025-05-28,https://music.apple.com/us/album/all-the-waters-of-the-earth-turn-to-blood/1813934203,All the Waters of the Earth Turn to Blood,The Body,2025-05-29
bb13cca1-18f9-41ce-94ee-4becf4c954dc,the innocence mission,Midwinter Swimmers,Album,2024-09-27,https://music.apple.com/us/album/midwinter-swimmers/1761444348,Midwinter Swimmers,The Innocence Mission,2024-11-29
4ecd893b-e785-4790-a72b-b7738ad1f87d,The Mystic Tide,Frustration,Album,2024-02-16,https://music.apple.com/us/album/frustration/1714625692,Frustration,The Mystic Tide,2024-02-16
3d561fc4-297d-4f4b-9e30-75492cf7102a,The National,Rome,EP,2024-10-23,https://music.apple.com/us/album/rome/1767454077,Rome,The National,2024-12-13
76bca1fc-e273-4373-b399-4610e0ffc9a3,The Olympians,In Search of a Revival,Album,2026-02-13,https://music.apple.com/us/album/in-search-of-a-revival/1844745517,In Search of a Revival,The Olympians,2026-02-13
ae1af780-a649-4fe6-83de-6fb84b43f421,The Pennikurvers,Dying to Tell,EP,2025-01-03,https://music.apple.com/us/album/dying-to-tell-ep/1790302629,Dying To Tell - EP,Pennikurvers,2025-01-03
46c41475-1f11-46fd-a84b-c125c482f80b,The Soft Pink Truth,Can Such Delightful Times Go On Forever?,Album,2026-01-30,https://music.apple.com/us/album/can-such-delightful-times-go-on-forever/1842246610,Can Such Delightful Times Go on Forever?,The Soft Pink Truth,2026-01-30
49dd423f-1443-47af-9e96-4ec3bf9c77a1,The Staves,All Now,Album,2024-03-22,https://music.apple.com/us/album/all-now/1715738961,All Now,The Staves,2024-03-22
87eecdb2-0933-4aa9-88e5-c8fa32964c7a,The Staves,Happy New Year,EP,2024-11-22,https://music.apple.com/us/album/happy-new-year-ep/1773221674,Happy New Year - EP,The Staves,2024-11-22
9def673f-50ab-49e4-abfd-b849272ab610,Thee Marloes,Di Hotel Malibu,Album,2026-05-22,https://music.apple.com/us/album/di-hotel-malibu/1878399768,Di Hotel Malibu,Thee Marloes,2026-05-22
1a42642b-0ce5-4767-ab1d-e5dfb36002c0,This Is the Kit,Live at The Minack Theatre,Album,2024-06-11,https://music.apple.com/us/album/live-at-the-minack-theatre/1737988770,Live at the Minack Theatre,This Is the Kit,2024-06-11
9f51c404-f6a1-4609-9b39-d45d98d6fab7,Thomas Strønen,Relations,Album,2024-11-29,https://music.apple.com/us/album/relations/1773358949,Relations,Thomas Strønen,2024-11-29
3b917ac9-b91f-48c2-b523-b50e66563da0,Those Who Walk Away,Afterlife Requiem,Album,2026-03-06,https://music.apple.com/us/album/afterlife-requiem/1860647588,Afterlife Requiem,Those Who Walk Away,2026-03-06
5fc5784e-34e4-4a7e-8a34-afa47ad61f70,Those Who Walk Away,"Dark, Darker, Darkest: The Infected Mass Reworks",EP,2026-01-28,https://music.apple.com/us/album/dark-darker-darkest-the-infected-mass-reworks-ep/1863437190,"Dark, Darker, Darkest: The Infected Mass Reworks - EP",Those Who Walk Away,2026-02-13
61a17441-72d2-4e8f-b27d-139615fe77cc,Tig Notaro,Hello Again,Album,2024-09-27,https://music.apple.com/us/album/hello-again/1756589033,Hello Again,Tig Notaro,2024-07-30
04bb9f22-b10e-4350-90b3-c480ba163a3a,Tom Skinner,Kaleidoscopic Visions,Album,2025-10-17,https://music.apple.com/us/album/kaleidoscopic-visions/1823951970,Kaleidoscopic Visions,Tom Skinner,2025-09-26
617d4350-7c6a-45a5-b8e0-0b8a1c94fc04,Tomasz Stańko Quartet,September Night,Album,2024-06,https://music.apple.com/us/album/september-night/1744558457,September Night,Tomasz Stanko Quartet,2024-06-21
2a6e7eea-9fc0-4305-ba8a-15327ea32abb,Tomin,A Willed and Conscious Balance,Album,2024-11-01,https://music.apple.com/us/album/a-willed-and-conscious-balance/1762680979,A Willed and Conscious Balance,Tomin,2024-11-01
edeeb23d-7c4a-4bb5-9def-54d031c3fb78,Tomin,Flores para Verene / Cantos para Caramina,Album,2024-08-02,https://music.apple.com/us/album/flores-para-verene-cantos-para-caramina/1745192953,Flores para Verene / Cantos para Caramina,Tomin,2024-08-02
6af8034c-8f82-4b2b-8b58-f67a42f68e92,Tongue In The Mind,Tongue in the Mind,EP,2024-05-17,https://music.apple.com/us/album/tongue-in-the-mind-ep/1740764331,Tongue in the Mind - EP,Tongue in the Mind,2024-05-17
51875aaf-bd32-4cd0-8d41-b31b3d3d0a3f,Tord Gustavsen Trio,Seeing,Album,2024-10-04,https://music.apple.com/us/album/seeing/1758940672,Seeing,Tord Gustavsen Trio,2024-10-04
926d7655-6d77-4967-ab83-b9027c69108b,Tortoise,Oganesson Remixes,EP,2025-06-24,https://music.apple.com/us/album/oganesson-remixes-ep/1818902798,Oganesson Remixes - EP,Tortoise,2025-06-24
079253c4-a004-4546-b025-e663b3e1fcf1,Trees Speak,TimeFold,Album,2024-11-15,https://music.apple.com/us/album/timefold/1766532099,TimeFold,Trees Speak,2024-11-15
c3bc1165-c96e-4e65-8b35-7aa2bf985d54,Tsunami,Loud Is As,Album,2024-11-08,https://music.apple.com/us/album/loud-is-as/1778537877,Loud Is As,Tsunami,2024-11-08
d6d189d4-86d9-46d9-a560-e2b7bcbc6556,Ty Segall,Love Fuzzz,EP,2026-08-28,https://music.apple.com/us/album/love-fuzzz-ep/1895415330,Love Fuzzz - EP,Ty Segall,2026-08-28
4f8d2ffe-7a80-46a3-b0f2-50a9390316b7,Umberto,Black Bile,Album,2024-08-23,https://music.apple.com/us/album/black-bile/1721643631,Black Bile,Umberto,2024-08-23
26a15fd2-5a15-4460-81c1-d73c5623340b,upsammy & Valentina Magaletti,Seismo,Album,2026-04-10,https://music.apple.com/us/album/seismo/1867239458,Seismo,upsammy & Valentina Magaletti,2026-04-10
8763341d-c125-4299-8aac-99ebd361ac0f,Various Artists,Beehive Breaks,Album,2024-03-22,https://music.apple.com/us/album/beehive-breaks/1720823898,Beehive Breaks,Various Artists,2024-03-22
bf6ce8b2-2c73-4e86-9700-9fa87bc8f905,Various Artists,Bliss Out For Days,Album,2024-12-06,https://music.apple.com/us/album/bliss-out-for-days/1764509992,Bliss Out: For Days,Various Artists,2024-12-06
44e3e6f5-f155-49a9-b9b7-47917d0e0cb4,Various Artists,Cosmic American Music: Motel California,Album,2024-10-11,https://music.apple.com/us/album/cosmic-american-music-motel-california/1762681115,Cosmic American Music: Motel California,Various Artists,2024-10-11
6c4c1322-9150-4071-8a93-de22ae0a5949,Various Artists,Hosono House Revisited,Album,2024-11-01,https://music.apple.com/us/album/hosono-house-revisited/1766371312,Hosono House Revisited,Various Artists,2024-11-01
5a0e9a9c-85cd-425b-8908-b3a06877d579,Various Artists,Jordsvingninger (A Smalltown Supersound compilation of exclusive tracks),Album,2025-01-13,https://music.apple.com/us/album/jordsvingninger-a-smalltown-supersound-compilation/1790268244,Jordsvingninger (A Smalltown Supersound compilation of exclusive tracks),Various Artists,2025-01-17
7de3f949-cf33-4f3a-95ac-0c6d6606ac39,Various Artists,More Loving On The Flipside,Album,2025-01-21,https://music.apple.com/us/album/more-loving-on-the-flipside/1786344713,More Loving On The Flipside,Various Artists,2025-01-21
b8850fe6-fc51-4467-8710-2411c7b8db4e,Various Artists,Omnivore (Apple TV+ Original Series Soundtrack),Album,2024,https://music.apple.com/us/album/omnivore-apple-tv-original-series-soundtrack/1756958490,Omnivore (Apple TV+ Original Series Soundtrack),Various Artists,2024-07-26
4749c581-1d57-497b-ac05-08a89b8d298a,Various Artists,Pale Shades Of Grey: Heavy Psychedelic Ballads and Dirges 1969-1976,Album,2024-04-20,https://music.apple.com/us/album/pale-shades-of-grey-heavy-psychedelic-ballads-and/1743505782,Pale Shades Of Grey: Heavy Psychedelic Ballads and Dirges 1969-1976,Various Artists,2024-04-19
ddb60bcd-bc29-4343-8976-4106851ca2c5,Various Artists,Soft Summer Breezes,Album,2024-05-17,https://music.apple.com/us/album/soft-summer-breezes/1730767885,Soft Summer Breezes,Various Artists,2024-05-17
eee81ae5-6758-47d9-a180-fc581f6b3cec,Various Artists,The Bristol Post Punk Explosion (1978-1982),Album,2024-07-19,https://music.apple.com/us/album/the-bristol-post-punk-explosion-1978-1982/1745155485,The Bristol Post Punk Explosion (1978-1982),Various Artists,2024-07-12
191ad721-8b88-4de5-bf25-deac079d600a,Various Artists,The Power of the Heart: A Tribute to Lou Reed,Album,2024-04-19,https://music.apple.com/us/album/the-power-of-the-heart-a-tribute-to-lou-reed/1732584171,The Power of the Heart: A Tribute to Lou Reed,Various Artists,2024-04-20
28b383ef-c31f-4fc2-ac6e-ea5de46f0504,Various Artists,W3NG,Album,2024-05-24,https://music.apple.com/us/album/w3ng/1729901409,W3ng,Various Artists,2024-05-24
678401b0-1cfc-4682-9739-9beec25f4a33,Various Artists,You Can Be A Star! Deep Disco and Crossover 70's Soul From The Now-Again and Soul-Cal Vaults 1972-1982,Album,2024,https://music.apple.com/us/album/you-can-be-a-star-deep-disco-and-crossover-70s/1769516499,You Can Be A Star! Deep Disco and Crossover 70's Soul From The Now-Again and Soul-Cal Vaults 1972-1982,Various Artists,2024-09-24
034f6ff0-fada-4215-8d19-db823e89cbc0,Vijay Iyer & Wadada Leo Smith,Defiant Life,Album,2025-03-21,https://music.apple.com/us/album/defiant-life/1791746445,Defiant Life,Vijay Iyer & Wadada Leo Smith,2025-03-21
42f8b8a1-ec0d-4f7e-9952-ca953c136272,Wand,Vertigo,Album,2024-07-26,https://music.apple.com/us/album/vertigo/1740428105,Vertigo,Wand,2024-07-26
55274542-f688-4525-ae02-d661466002fe,Water From Your Eyes,It's Beautiful,EP,2025-12-03,https://music.apple.com/us/album/its-beautiful-ep/1852243212,It's Beautiful - EP,Water From Your Eyes,2025-12-03
1b1b7150-7fb5-49de-9129-83bfef6f882b,Water From Your Eyes,MP3 Player 1,EP,2024-07-12,https://music.apple.com/us/album/mp3-player-1-ep/1752447821,MP3 Player 1 - EP,Water From Your Eyes,2024-07-12
a7db40b0-1d46-460e-be34-2b39296f283a,Whatever the Weather,Whatever the Weather II,Album,2025-03-14,https://music.apple.com/us/album/whatever-the-weather-ii/1786173473,Whatever the Weather II,Whatever The Weather,2025-03-14
b1672c80-3bc0-4e7a-837e-398000b2de86,Whitney Johnson,Hav,Album,2024-09-27,https://music.apple.com/us/album/hav/1756428442,Hav,Whitney Johnson,2024-09-27
f010dc90-a015-488b-81a8-ae48559a9212,Will Stratton,Points of Origin,Album,2025-03-07,https://music.apple.com/us/album/points-of-origin/1779312622,Points Of Origin,Will Stratton,2025-03-07
0a53728f-c7b9-4a9a-bc1c-0774703d9e04,William Basinski,September 23rd,Album,2024-09,https://music.apple.com/us/album/september-23rd/1756154339,September 23rd,William Basinski,2024-09-27
1acabcd1-2b83-4350-bdca-266a8a7b0e25,WITCH,Fool’s Ride,Album,2025-11-28,https://music.apple.com/us/album/fools-ride/1857887077,Fool's Ride,WITCH,2025-11-28
e8326bcd-b469-4d4d-a086-0d87d14d58ad,Wojciech Rusin,Honey For The Ants,Album,2025-01-31,https://music.apple.com/us/album/honey-for-the-ants/6770566097,Honey for the Ants,Wojciech Rusin,2025-01-31
7a01142c-85fe-44cb-8874-6f481dbf5bb4,"Wolfgang Muthspiel, Scott Colley, Brian Blade",Tokyo,Album,2025-09-26,https://music.apple.com/us/album/tokyo/1827925965,Tokyo,"Wolfgang Muthspiel, Scott Colley & Brian Blade",2025-09-26
e552b902-600c-45fd-8c92-16f4f63acd77,Wrecked Lightship,Drained Strands,Album,2025-05-09,https://music.apple.com/us/album/drained-strands/1800784937,Drained Strands,Wrecked Lightship,2025-05-09
163b4513-8d68-4927-94de-bf9ea717e66d,Yasmin Williams,Acadia,Album,2024-10-04,https://music.apple.com/us/album/acadia/1755482278,Acadia,Yasmin Williams,2024-10-04
62b6196c-5507-46b4-9ced-f996d70a70fe,Yuval Cohen Quartet,Winter Poems,Album,2025-02-14,https://music.apple.com/us/album/winter-poems/1780801023,Winter Poems,Yuval Cohen Quartet,2025-02-14
